City_ID,City,Country,Date,Lat,Lng,Max Temp,Humidity,Cloudiness,Wind Speed
0,Sakakah,SA,2022-06-08 20:51:40,29.9697,40.2064,90.97,15,0,10.6
1,Taga,RO,2022-06-08 20:51:40,46.95,24.05,68.32,75,26,3.53
2,Leticia,CO,2022-06-08 20:50:10,-4.2153,-69.9406,86.05,66,75,4.61
3,Hobart,AU,2022-06-08 20:50:30,-42.8794,147.3294,47.05,70,40,11.5
4,Brae,GB,2022-06-08 20:51:41,60.3964,-1.353,49.57,85,100,18.66
5,Tasiilaq,GL,2022-06-08 20:51:41,65.6145,-37.6368,38.48,70,9,2.73
6,Qaanaaq,GL,2022-06-08 20:48:53,77.484,-69.3632,31.71,86,89,3.49
7,Ushuaia,AR,2022-06-08 20:46:50,-54.8,-68.3,37.02,93,100,19.57
8,Megion,RU,2022-06-08 20:51:42,61.0296,76.1136,53.62,58,100,10.42
9,Hobyo,SO,2022-06-08 20:51:42,5.3505,48.5268,80.53,74,100,22.12
10,Hithadhoo,MV,2022-06-08 20:51:43,-0.6,73.0833,82.47,72,100,5.46
11,Avarua,CK,2022-06-08 20:50:14,-21.2078,-159.775,78.85,73,24,4.61
12,Albany,US,2022-06-08 20:51:43,42.6001,-73.9662,76.46,48,23,1.01
13,Iquique,CL,2022-06-08 20:51:43,-20.2208,-70.1431,62.64,77,13,6.58
14,Kushmurun,KZ,2022-06-08 20:51:44,52.4503,64.6311,57.2,61,6,5.57
15,Qasigiannguit,GL,2022-06-08 20:51:44,68.8193,-51.1922,40.1,68,98,3.02
16,Butaritari,KI,2022-06-08 20:51:44,3.0707,172.7902,81.73,75,91,11.61
17,Vrangel,RU,2022-06-08 20:51:45,42.7297,133.0839,52.47,74,52,4.36
18,Busselton,AU,2022-06-08 20:51:45,-33.65,115.3333,59.34,59,67,15.32
19,Nikolskoye,RU,2022-06-08 20:49:55,59.7035,30.7861,62.71,98,100,6.33
20,Faya,SA,2022-06-08 20:51:46,18.3851,42.4509,69.91,38,83,2.15
21,Kaitangata,NZ,2022-06-08 20:51:46,-46.2817,169.8464,40.82,91,74,5.19
22,Altagracia De Orituco,VE,2022-06-08 20:51:46,9.8601,-66.3814,81.73,68,70,6.78
23,Pimentel,PE,2022-06-08 20:51:47,-6.8367,-79.9342,73.69,56,0,20.71
24,Lavrentiya,RU,2022-06-08 20:51:47,65.5833,-171.0,40.87,59,4,8.25
25,Ziway,ET,2022-06-08 20:51:47,7.9333,38.7167,65.03,77,97,13.62
26,Puerto Ayora,EC,2022-06-08 20:51:48,-0.7393,-90.3518,76.96,87,53,7.0
27,Bredasdorp,ZA,2022-06-08 20:47:40,-34.5322,20.0403,60.6,76,4,10.94
28,Yar-Sale,RU,2022-06-08 20:51:48,66.8333,70.8333,48.25,56,3,6.85
29,Jalu,LY,2022-06-08 20:51:48,29.0331,21.5482,83.88,33,0,12.08
30,Norman Wells,CA,2022-06-08 20:51:49,65.282,-126.8329,48.24,76,75,3.44
31,Tuatapere,NZ,2022-06-08 20:51:49,-46.1333,167.6833,42.42,92,33,3.71
32,Carutapera,BR,2022-06-08 20:51:49,-1.195,-46.02,78.03,86,76,7.11
33,Menongue,AO,2022-06-08 20:51:50,-14.6585,17.691,51.4,65,14,4.56
34,Cherskiy,RU,2022-06-08 20:51:50,68.75,161.3,58.24,48,53,15.32
35,Jamestown,US,2022-06-08 20:48:48,42.097,-79.2353,72.01,46,40,5.99
36,Punta Arenas,CL,2022-06-08 20:50:12,-53.15,-70.9167,39.31,65,75,16.11
37,Bambous Virieux,MU,2022-06-08 20:51:51,-20.3428,57.7575,71.85,83,40,3.44
38,Kapaa,US,2022-06-08 20:50:02,22.0752,-159.319,82.47,73,0,8.05
39,Tiksi,RU,2022-06-08 20:51:52,71.6872,128.8694,41.7,66,9,6.38
40,Bukene,TZ,2022-06-08 20:51:52,-4.2333,32.8833,66.9,55,99,4.0
41,New Norfolk,AU,2022-06-08 20:51:52,-42.7826,147.0587,46.71,76,80,8.01
42,Vaini,TO,2022-06-08 20:51:53,-21.2,-175.2,75.36,78,20,6.91
43,Yabelo,ET,2022-06-08 20:51:53,4.8833,38.0833,56.26,82,32,6.06
44,Bontang,ID,2022-06-08 20:51:53,0.1333,117.5,77.47,87,99,3.91
45,Ostrovnoy,RU,2022-06-08 20:51:54,68.0531,39.5131,53.87,57,75,14.74
46,Port Lincoln,AU,2022-06-08 20:51:54,-34.7333,135.8667,54.54,69,94,9.37
47,Cabo San Lucas,MX,2022-06-08 20:51:50,22.8909,-109.9124,82.62,66,4,11.14
48,Zhigansk,RU,2022-06-08 20:52:54,66.7697,123.3711,62.58,48,66,1.5
49,Salinopolis,BR,2022-06-08 20:48:29,-0.6136,-47.3561,79.7,83,87,10.51
50,Luanda,AO,2022-06-08 20:52:55,-8.8368,13.2343,72.25,89,15,11.01
51,Luderitz,NA,2022-06-08 20:52:55,-26.6481,15.1594,63.43,47,0,7.65
52,Gloucester,GB,2022-06-08 20:52:55,51.8657,-2.2431,58.71,86,5,7.96
53,Ust-Maya,RU,2022-06-08 20:52:56,60.4167,134.5333,57.58,56,84,6.26
54,Atuona,PF,2022-06-08 20:52:56,-9.8,-139.0333,78.33,74,18,19.13
55,Bac Lieu,VN,2022-06-08 20:48:21,9.285,105.7244,80.2,81,100,6.64
56,Broome,US,2022-06-08 20:52:57,42.2506,-75.833,77.61,51,75,4.0
57,Kankaanpaa,FI,2022-06-08 20:52:57,61.8,22.4167,59.76,94,73,4.88
58,Verkhnevilyuysk,RU,2022-06-08 20:52:57,63.4453,120.3167,59.32,90,97,3.87
59,Chokurdakh,RU,2022-06-08 20:52:58,70.6333,147.9167,39.69,75,99,10.0
60,Kovernino,RU,2022-06-08 20:52:58,57.1253,43.8142,54.79,79,34,7.72
61,Houma,US,2022-06-08 20:51:38,29.5958,-90.7195,93.02,65,17,7.0
62,Kavaratti,IN,2022-06-08 20:48:44,10.5669,72.642,82.74,76,48,14.29
63,Mata Grande,BR,2022-06-08 20:52:58,-9.1175,-37.7322,67.39,93,57,5.66
64,Nyurba,RU,2022-06-08 20:52:59,63.2842,118.3319,57.85,84,84,3.2
65,Barrow,US,2022-06-08 20:48:42,71.2906,-156.7887,26.62,80,100,4.61
66,Glenwood Springs,US,2022-06-08 20:50:58,39.5505,-107.3248,85.41,19,0,6.91
67,Kungurtug,RU,2022-06-08 20:52:59,50.5994,97.5228,35.92,84,31,1.45
68,Kruisfontein,ZA,2022-06-08 20:52:59,-34.0033,24.7314,64.44,34,0,8.59
69,Upernavik,GL,2022-06-08 20:53:00,72.7868,-56.1549,34.57,96,100,8.16
70,Padang,ID,2022-06-08 20:53:00,-0.9492,100.3543,75.7,89,100,3.98
71,Kieta,PG,2022-06-08 20:53:00,-6.2167,155.6333,78.48,83,98,3.8
72,Ahipara,NZ,2022-06-08 20:53:01,-35.1667,173.1667,60.4,83,100,11.95
73,Sioux Lookout,CA,2022-06-08 20:53:01,50.1001,-91.917,64.47,39,75,9.22
74,Hilo,US,2022-06-08 20:51:53,19.7297,-155.09,86.29,75,100,7.0
75,Carnarvon,AU,2022-06-08 20:53:02,-24.8667,113.6333,65.89,89,85,12.75
76,Bluff,NZ,2022-06-08 20:53:02,-46.6,168.3333,39.79,84,90,7.14
77,Georgetown,MY,2022-06-08 20:50:11,5.4112,100.3354,80.53,93,20,5.01
78,Husavik,IS,2022-06-08 20:51:11,66.0449,-17.3389,47.75,88,100,3.8
79,Saint-Philippe,RE,2022-06-08 20:51:14,-21.3585,55.7679,67.59,84,87,12.53
80,Bijapur,IN,2022-06-08 20:53:03,16.8333,75.7,72.39,83,100,7.81
81,Puerto Narino,CO,2022-06-08 20:53:03,-3.7703,-70.3831,79.21,95,100,2.17
82,Boysun,UZ,2022-06-08 20:53:03,38.2061,67.1986,73.4,26,0,7.29
83,Hermanus,ZA,2022-06-08 20:53:04,-34.4187,19.2345,63.03,76,32,14.12
84,Clyde River,CA,2022-06-08 20:48:52,70.4692,-68.5914,34.03,100,100,11.5
85,Mataura,NZ,2022-06-08 20:53:04,-46.1927,168.8643,39.47,97,80,2.51
86,Airai,TL,2022-06-08 20:53:05,-8.9266,125.4092,59.04,96,58,3.13
87,Luena,AO,2022-06-08 20:53:05,-11.7833,19.9167,53.64,63,14,5.1
88,Solnechnyy,RU,2022-06-08 20:53:06,50.7214,136.6319,47.07,96,100,6.58
89,Guwahati,IN,2022-06-08 20:53:06,26.1862,91.751,80.51,94,75,0.0
90,Rikitea,PF,2022-06-08 20:53:07,-23.1203,-134.9692,73.0,62,97,12.55
91,Yerbogachen,RU,2022-06-08 20:53:07,61.2767,108.0108,45.18,75,96,2.46
92,Samana,DO,2022-06-08 20:53:08,19.2056,-69.3369,91.62,62,20,11.5
93,Campo Verde,BR,2022-06-08 20:54:09,-20.4167,-54.0667,70.79,77,98,5.28
94,Zvishavane,ZW,2022-06-08 20:54:09,-20.3267,30.0665,49.95,79,0,3.91
95,Longyearbyen,SJ,2022-06-08 20:54:06,78.2186,15.6401,40.84,75,75,4.61
96,Komsomolskiy,UZ,2022-06-08 20:54:10,40.4272,71.7189,75.92,31,97,4.61
97,Cayenne,GF,2022-06-08 20:54:10,4.9333,-52.3333,83.08,10,0,8.05
98,Baykit,RU,2022-06-08 20:54:10,61.67,96.37,43.83,91,24,2.46
99,Gayeri,BF,2022-06-08 20:54:11,12.6497,0.4931,92.98,32,31,2.39
100,Lasa,IT,2022-06-08 20:54:12,46.6166,10.7002,58.08,97,100,5.84
101,Ponta Delgada,PT,2022-06-08 20:54:12,37.7333,-25.6667,66.92,94,75,8.05
102,Namatanai,PG,2022-06-08 20:54:13,-3.6667,152.4333,79.5,72,42,4.54
103,Fairbanks,US,2022-06-08 20:54:13,64.8378,-147.7164,63.61,39,1,20.71
104,Castro,BR,2022-06-08 20:52:49,-24.7911,-50.0119,55.99,91,42,4.03
105,Escanaba,US,2022-06-08 20:54:14,45.7453,-87.0646,68.5,81,0,14.97
106,Guerrero Negro,MX,2022-06-08 20:54:15,27.9769,-114.0611,72.66,58,8,15.5
107,Champerico,GT,2022-06-08 20:54:15,14.3,-91.9167,90.14,73,81,10.13
108,Petropavlovka,RU,2022-06-08 20:54:16,50.6114,105.3196,46.22,68,100,1.77
109,East London,ZA,2022-06-08 20:54:16,-33.0153,27.9116,65.89,39,0,6.11
110,Keningau,MY,2022-06-08 20:54:16,5.3378,116.1602,70.47,99,74,2.06
111,Cape Town,ZA,2022-06-08 20:54:17,-33.9258,18.4232,63.12,84,0,8.05
112,San Patricio,US,2022-06-08 20:54:17,28.017,-97.5169,99.16,44,4,18.84
113,Bosaso,SO,2022-06-08 20:54:17,11.2842,49.1816,90.03,42,62,10.78
114,Hay River,CA,2022-06-08 20:50:25,60.8156,-115.7999,71.56,35,20,10.36
115,Bodaybo,RU,2022-06-08 20:54:18,57.8506,114.1933,55.27,95,97,0.92
116,Urengoy,RU,2022-06-08 20:54:18,65.9667,78.3667,43.57,54,78,6.06
117,Brownwood,US,2022-06-08 20:54:19,31.7093,-98.9912,89.6,45,0,16.11
118,Yellowknife,CA,2022-06-08 20:54:19,62.456,-114.3525,73.92,31,20,12.66
119,Chuy,UY,2022-06-08 20:54:19,-33.6971,-53.4616,56.75,85,35,3.33
120,Severobaykalsk,RU,2022-06-08 20:54:20,55.65,109.3167,40.48,96,100,1.52
121,Te Anau,NZ,2022-06-08 20:54:20,-45.4167,167.7167,43.57,95,91,2.75
122,Nikolayevka,RU,2022-06-08 20:54:21,53.1257,47.2041,56.64,78,95,13.33
123,Kahului,US,2022-06-08 20:54:21,20.8947,-156.47,84.97,66,8,8.59
124,Kudahuvadhoo,MV,2022-06-08 20:54:21,2.6708,72.8944,82.09,73,98,7.85
125,Ponta Do Sol,PT,2022-06-08 20:54:22,32.6667,-17.1,72.72,85,3,5.21
126,Port Alfred,ZA,2022-06-08 20:54:22,-33.5906,26.891,68.18,39,0,9.91
127,Rafai,CF,2022-06-08 20:54:23,4.95,23.9167,66.51,97,96,0.83
128,Talnakh,RU,2022-06-08 20:54:23,69.4865,88.3972,38.21,95,100,2.95
129,Victoria,HK,2022-06-08 20:53:20,22.2855,114.1577,80.65,90,100,5.99
130,Fallon,US,2022-06-08 20:54:13,39.4735,-118.7774,88.45,10,75,3.44
131,Benguela,AO,2022-06-08 20:54:24,-12.5763,13.4055,72.79,61,52,2.89
132,Muros,ES,2022-06-08 20:54:24,42.7762,-9.0603,69.15,86,100,2.75
133,Vancouver,CA,2022-06-08 20:50:54,49.2497,-123.1193,67.35,66,100,5.75
134,Sainte-Rose,GP,2022-06-08 20:54:25,16.3324,-61.6979,84.24,61,40,12.66
135,Ingham,US,2022-06-08 20:54:25,42.6,-84.3833,67.23,79,100,0.0
136,Saint Pete Beach,US,2022-06-08 20:54:25,27.7253,-82.7412,89.62,68,15,1.99
137,Mar Del Plata,AR,2022-06-08 20:54:26,-38.0023,-57.5575,58.08,82,0,5.75
138,Vysokogornyy,RU,2022-06-08 20:54:26,50.1167,139.15,49.93,97,100,2.39
139,Villa Carlos Paz,AR,2022-06-08 20:54:26,-31.4241,-64.4978,63.9,36,100,8.01
140,Payson,US,2022-06-08 20:55:27,40.0444,-111.7321,88.56,22,75,5.75
141,Port Hardy,CA,2022-06-08 20:53:08,50.6996,-127.4199,59.18,63,75,10.36
142,Narsaq,GL,2022-06-08 20:55:27,60.9167,-46.05,46.67,65,99,5.46
143,Cidreira,BR,2022-06-08 20:51:10,-30.1811,-50.2056,62.83,85,5,9.95
144,Fort Nelson,CA,2022-06-08 20:55:27,58.8053,-122.7002,69.39,46,75,13.8
145,Varhaug,NO,2022-06-08 20:55:28,58.6147,5.6457,52.48,90,70,2.71
146,Khatanga,RU,2022-06-08 20:55:28,71.9667,102.5,43.47,77,100,9.75
147,Tura,IN,2022-06-08 20:55:28,25.5198,90.2201,73.63,98,100,5.53
148,Mabaruma,GY,2022-06-08 20:55:29,8.2,-59.7833,78.89,83,93,6.02
149,Mutis,CO,2022-06-08 20:55:29,6.2262,-77.4044,78.51,85,68,9.31
150,Katsuura,JP,2022-06-08 20:55:30,35.1333,140.3,62.62,91,98,11.36
151,Salalah,OM,2022-06-08 20:55:30,17.0151,54.0924,81.09,76,15,1.39
152,Jizan,SA,2022-06-08 20:55:30,17.3333,42.6667,88.74,61,62,1.16
153,Marang,MY,2022-06-08 20:55:31,5.2056,103.2059,76.93,88,100,4.07
154,Tuktoyaktuk,CA,2022-06-08 20:51:13,69.4541,-133.0374,35.6,69,100,13.8
155,Khani,GE,2022-06-08 20:55:31,41.9563,42.9566,60.37,95,100,4.45
156,Beipiao,CN,2022-06-08 20:55:32,41.7919,120.7792,55.78,88,37,1.86
157,Alugan,PH,2022-06-08 20:55:32,12.2188,125.4808,80.55,83,100,7.7
158,Nenjiang,CN,2022-06-08 20:55:32,49.1833,125.2167,61.0,53,6,3.62
159,Bilma,NE,2022-06-08 20:55:33,18.6853,12.9164,90.41,11,76,3.53
160,Port Moresby,PG,2022-06-08 20:50:36,-9.4431,147.1797,72.82,100,40,3.44
161,Coquimbo,CL,2022-06-08 20:55:33,-29.9533,-71.3436,58.73,77,20,11.5
162,Chongwe,ZM,2022-06-08 20:55:33,-15.3292,28.682,61.38,70,96,7.47
163,Kavieng,PG,2022-06-08 20:55:34,-2.5744,150.7967,81.32,64,4,8.5
164,Petropavlovsk-Kamchatskiy,RU,2022-06-08 20:55:34,53.0452,158.6483,45.19,76,75,8.95
165,Balkhash,KZ,2022-06-08 20:55:34,46.844,74.9804,70.65,41,3,9.06
166,Banda Aceh,ID,2022-06-08 20:55:35,5.5577,95.3222,80.26,82,100,9.37
167,Margate,GB,2022-06-08 20:55:35,51.3813,1.3862,59.88,78,2,3.0
168,Saint George,US,2022-06-08 20:55:35,37.1041,-113.5841,104.25,14,0,4.0
169,Los Llanos De Aridane,ES,2022-06-08 20:55:36,28.6585,-17.9182,67.75,78,0,17.27
170,Sangin,AF,2022-06-08 20:55:36,32.0728,64.8359,82.65,9,0,12.37
171,Kodiak,US,2022-06-08 20:54:33,57.79,-152.4072,53.8,71,100,2.68
172,Surab,PK,2022-06-08 20:55:36,28.4914,66.2585,70.36,8,0,3.74
173,Hukuntsi,BW,2022-06-08 20:55:37,-24.0,21.75,54.52,28,0,7.11
174,Lompoc,US,2022-06-08 20:52:27,34.6391,-120.4579,88.02,59,0,25.99
175,Ahuimanu,US,2022-06-08 20:55:37,21.4447,-157.8378,83.75,59,0,9.22
176,Balykshi,KZ,2022-06-08 20:55:37,47.0667,51.8667,62.6,77,0,2.24
177,Xining,CN,2022-06-08 20:51:32,36.6167,101.7667,49.57,86,100,1.25
178,Hit,IQ,2022-06-08 20:55:38,33.6416,42.8251,91.2,16,0,5.01
179,Araouane,ML,2022-06-08 20:55:38,18.9048,-3.5265,96.69,15,69,9.04
180,Amposta,ES,2022-06-08 20:55:38,40.7131,0.581,81.23,70,71,4.56
181,Nuuk,GL,2022-06-08 20:55:39,64.1835,-51.7216,42.15,63,0,8.72
182,Zhoucheng,CN,2022-06-08 20:55:39,35.9122,116.3117,71.56,59,100,5.32
183,Severo-Kurilsk,RU,2022-06-08 20:55:39,50.6789,156.125,43.88,79,100,6.6
184,Thompson,CA,2022-06-08 20:55:40,55.7435,-97.8558,68.16,40,75,12.66
185,Kamloops,CA,2022-06-08 20:55:40,50.6665,-120.3192,72.75,28,75,12.66
186,Wagrowiec,PL,2022-06-08 20:55:40,52.8084,17.1996,64.47,75,60,7.76
187,Calama,CL,2022-06-08 20:56:41,-22.4667,-68.9333,64.89,12,0,25.32
188,Flin Flon,CA,2022-06-08 20:56:41,54.7682,-101.865,71.44,24,40,3.44
189,Ilulissat,GL,2022-06-08 20:56:41,69.2167,-51.1,40.44,64,100,4.61
190,Catamarca,AR,2022-06-08 20:56:42,-28.4696,-65.7852,70.59,48,100,4.0
191,Yushan,CN,2022-06-08 20:56:42,31.3776,120.9543,71.49,84,72,8.63
192,Teteven,BG,2022-06-08 20:56:42,42.9167,24.2667,61.27,83,86,3.22
193,Ushumun,RU,2022-06-08 20:56:43,52.7833,126.5333,56.71,92,86,7.99
194,Moindou,NC,2022-06-08 20:56:43,-21.6924,165.677,70.95,93,100,8.97
195,Eyrarbakki,IS,2022-06-08 20:56:43,63.863,-21.1481,55.2,84,100,10.16
196,Bakchar,RU,2022-06-08 20:56:44,57.0186,82.0711,43.99,73,100,4.92
197,Ishigaki,JP,2022-06-08 20:56:44,24.3448,124.1572,78.93,94,75,3.44
198,Sorland,NO,2022-06-08 20:53:58,67.667,12.6934,44.46,76,6,16.64
199,Kalmunai,LK,2022-06-08 20:56:45,7.4167,81.8167,81.45,72,100,5.21
200,Ipueiras,BR,2022-06-08 20:56:45,-7.0333,-40.45,77.72,58,100,7.92
201,Sharan,RU,2022-06-08 20:56:45,54.8167,54.0,50.59,98,100,12.57
202,Hovd,MN,2022-06-08 20:56:45,48.0056,91.6419,55.65,34,5,2.95
203,Esperance,AU,2022-06-08 20:56:46,-33.8667,121.9,50.79,80,10,13.67
204,Ballina,AU,2022-06-08 20:56:46,-28.8667,153.5667,42.78,72,0,8.55
205,Moree,AU,2022-06-08 20:56:47,-29.4667,149.85,38.46,85,0,7.43
206,Dikson,RU,2022-06-08 20:56:47,73.5069,80.5464,28.36,91,66,4.18
207,Rio Grande,BR,2022-06-08 20:56:47,-32.035,-52.0986,68.11,86,49,4.65
208,Hailar,CN,2022-06-08 20:56:48,49.2,119.7,54.14,65,7,5.75
209,Povenets,RU,2022-06-08 20:56:48,62.8487,34.8262,55.35,64,100,3.71
210,Saldanha,ZA,2022-06-08 20:56:48,-33.0117,17.9442,59.05,90,47,8.55
211,Tromso,NO,2022-06-08 20:56:49,69.6496,18.957,42.82,81,75,9.22
212,San Quintin,MX,2022-06-08 20:56:49,30.4833,-115.95,69.84,66,17,10.47
213,Lagoa,PT,2022-06-08 20:56:49,39.05,-27.9833,64.67,89,11,21.83
214,Yarada,IN,2022-06-08 20:56:49,17.65,83.2667,86.32,84,75,2.3
215,Mahebourg,MU,2022-06-08 20:56:50,-20.4081,57.7,71.89,83,40,3.44
216,Owensboro,US,2022-06-08 20:56:50,37.7742,-87.1133,87.03,74,71,14.23
217,Bowen,AU,2022-06-08 20:56:50,-20.0167,148.2333,57.61,72,31,8.7
218,Iqaluit,CA,2022-06-08 20:56:51,63.7506,-68.5145,49.73,53,20,3.44
219,Lorengau,PG,2022-06-08 20:56:51,-2.0226,147.2712,81.75,73,100,7.94
220,Constantine,DZ,2022-06-08 20:56:51,36.365,6.6147,74.61,38,0,1.14
221,Hamilton,US,2022-06-08 20:56:52,39.1834,-84.5333,79.72,91,75,6.91
222,Cherepovets,RU,2022-06-08 20:56:52,59.1333,37.9,48.02,100,0,0.0
223,Arraial Do Cabo,BR,2022-06-08 20:56:52,-22.9661,-42.0278,73.26,83,75,10.36
224,Bennettsville,US,2022-06-08 20:56:53,34.6174,-79.6848,90.16,94,40,4.61
225,Aden,YE,2022-06-08 20:52:12,12.7794,45.0367,89.37,58,100,1.52
226,Progreso,MX,2022-06-08 20:56:53,21.2833,-89.6667,97.11,67,100,16.75
227,Tambacounda,SN,2022-06-08 20:56:53,13.7539,-13.7586,95.05,49,20,4.61
228,Ribeira Grande,PT,2022-06-08 20:56:54,38.5167,-28.7,66.6,94,75,9.22
229,Imbituba,BR,2022-06-08 20:54:36,-28.24,-48.6703,66.85,92,66,3.71
230,Mwinilunga,ZM,2022-06-08 20:56:54,-11.7358,24.4293,54.88,69,39,7.27
231,Saskylakh,RU,2022-06-08 20:56:54,71.9167,114.0833,53.2,77,76,3.58
232,San Policarpo,PH,2022-06-08 20:56:55,12.1791,125.5072,81.1,81,100,8.08
233,Adrar,MR,2022-06-08 20:57:55,20.5022,-10.0711,96.12,13,9,10.63
234,Fortuna,US,2022-06-08 20:56:31,40.5982,-124.1573,69.93,71,0,17.27
235,Port Elizabeth,ZA,2022-06-08 20:57:55,-33.918,25.5701,65.32,46,0,6.91
236,Bathsheba,BB,2022-06-08 20:57:56,13.2167,-59.5167,86.61,70,40,20.71
237,Darhan,MN,2022-06-08 20:57:56,49.4867,105.9228,48.9,64,100,2.86
238,Santa Maria Do Suacui,BR,2022-06-08 20:57:57,-18.1903,-42.4142,69.26,45,0,3.18
239,San Cristobal,VE,2022-06-08 20:57:57,7.7669,-72.225,75.38,61,91,4.23
240,Faanui,PF,2022-06-08 20:57:57,-16.4833,-151.75,80.76,70,6,10.13
241,Deer Lake,CA,2022-06-08 20:57:57,49.1667,-57.4316,67.86,22,75,5.75
242,Vila Do Maio,CV,2022-06-08 20:57:58,15.1333,-23.2167,75.99,88,5,3.91
243,Luganville,VU,2022-06-08 20:57:58,-15.5333,167.1667,79.63,71,81,4.07
244,Juneau,US,2022-06-08 20:55:49,58.3019,-134.4197,60.98,85,100,7.02
245,Roald,NO,2022-06-08 20:57:59,62.5833,6.1333,54.0,81,20,18.41
246,Awbari,LY,2022-06-08 20:57:59,26.5921,12.7805,91.49,13,8,9.08
247,Inirida,CO,2022-06-08 20:57:59,3.8653,-67.9239,78.8,79,95,2.17
248,Turkistan,KZ,2022-06-08 20:58:00,43.0,68.0,82.85,20,68,2.73
249,Hasaki,JP,2022-06-08 20:58:00,35.7333,140.8333,61.29,85,98,14.58
250,Suluq,LY,2022-06-08 20:58:00,31.6682,20.2521,75.83,67,0,9.62
251,Thinadhoo,MV,2022-06-08 20:58:01,0.5333,72.9333,83.12,72,100,7.56
252,Menasha,US,2022-06-08 20:55:37,44.2022,-88.4465,62.78,86,75,6.91
253,Lamar,US,2022-06-08 20:58:01,33.6668,-95.5836,81.99,55,100,9.1
254,Sao Jose Da Coroa Grande,BR,2022-06-08 20:58:02,-8.8978,-35.1478,76.96,81,39,6.8
255,Sabancuy,MX,2022-06-08 20:58:02,18.9667,-91.1833,84.6,77,100,6.71
256,Alzamay,RU,2022-06-08 20:58:03,55.5562,98.6644,43.84,99,88,4.23
257,Denpasar,ID,2022-06-08 20:58:03,-8.65,115.2167,78.46,89,75,5.75
258,Qeshm,IR,2022-06-08 20:58:03,26.9581,56.2719,85.87,64,1,2.24
259,Altus,US,2022-06-08 20:58:04,34.6381,-99.334,83.71,56,0,17.27
260,Carmen,MX,2022-06-08 20:58:04,18.6333,-91.8333,87.96,65,96,3.22
261,Hervey Bay,AU,2022-06-08 20:58:05,-25.2986,152.8535,45.01,77,0,7.0
262,Buraydah,SA,2022-06-08 20:58:05,26.326,43.975,95.45,5,0,5.14
263,Pevek,RU,2022-06-08 20:58:06,69.7008,170.3133,41.72,66,62,0.74
264,Aklavik,CA,2022-06-08 20:58:06,68.2191,-135.0107,39.22,68,100,11.74
265,Vardo,NO,2022-06-08 20:55:17,70.3705,31.1107,45.37,70,81,7.67
266,Leningradskiy,RU,2022-06-08 20:58:06,69.3833,178.4167,37.71,65,6,14.16
267,Mitu,CO,2022-06-08 20:58:07,1.1983,-70.1733,80.17,86,51,0.4
268,Kuryk,KZ,2022-06-08 20:58:07,43.2,51.65,75.96,34,66,15.75
269,Kilindoni,TZ,2022-06-08 20:58:08,-7.9139,39.6668,78.39,77,12,16.62
270,Gushikawa,JP,2022-06-08 20:58:08,26.3544,127.8686,72.63,94,100,3.74
271,Berlevag,NO,2022-06-08 20:58:08,70.8578,29.0864,46.2,65,0,12.66
272,Namibe,AO,2022-06-08 20:54:18,-15.1961,12.1522,71.6,60,50,3.11
273,Labuhan,ID,2022-06-08 20:58:09,-6.8844,112.2051,77.86,87,100,6.91
274,Tatarsk,RU,2022-06-08 20:58:10,55.219,75.9828,58.73,67,100,18.21
275,Vao,NC,2022-06-08 20:59:10,-22.6667,167.4833,69.64,87,100,19.55
276,Paramonga,PE,2022-06-08 20:59:11,-10.6667,-77.8333,67.06,79,45,11.59
277,Oussouye,SN,2022-06-08 20:59:11,12.485,-16.5469,86.18,76,25,10.36
278,Kaili,ID,2022-06-08 20:59:11,-3.4626,120.2147,65.71,95,57,3.11
279,Bethel,US,2022-06-08 20:59:12,41.3712,-73.414,83.01,48,50,1.99
280,Tezu,IN,2022-06-08 20:59:12,27.9167,96.1667,74.32,94,100,1.52
281,Ushibuka,JP,2022-06-08 20:59:13,32.1906,130.0228,69.31,82,96,4.85
282,Corrente,BR,2022-06-08 20:59:13,-3.7367,-43.3394,73.54,95,99,3.0
283,Lebu,CL,2022-06-08 20:59:13,-37.6167,-73.65,53.64,88,91,8.55
284,Vilhena,BR,2022-06-08 20:59:14,-12.7406,-60.1458,77.22,78,40,8.05
285,Camalu,MX,2022-06-08 20:59:14,30.85,-116.0667,71.58,62,1,9.93
286,Mahibadhoo,MV,2022-06-08 20:59:15,3.7833,72.9667,82.31,74,71,10.2
287,Korla,CN,2022-06-08 20:59:15,41.7597,86.1469,74.55,21,0,2.44
288,Tessalit,ML,2022-06-08 20:59:15,20.1986,1.0114,94.6,16,96,8.72
289,Fernie,CA,2022-06-08 20:58:23,49.5,-115.0687,66.29,79,100,5.84
290,Urumqi,CN,2022-06-08 20:56:03,43.801,87.6005,70.75,28,0,8.95
291,Union,US,2022-06-08 20:59:16,40.6334,-74.2663,87.89,40,0,5.75
292,Sitka,US,2022-06-08 20:59:16,57.0531,-135.33,62.13,56,100,6.33
293,Gornopravdinsk,RU,2022-06-08 20:59:17,60.05,69.9,52.2,94,99,12.17
294,Lac Du Bonnet,CA,2022-06-08 20:59:17,50.2536,-96.0612,67.86,35,9,9.95
295,Tual,ID,2022-06-08 20:59:17,-5.6667,132.75,82.44,75,26,8.5
296,Tommot,RU,2022-06-08 20:59:18,58.9564,126.2925,60.39,68,100,1.63
297,Novaya Igirma,RU,2022-06-08 20:59:18,57.1334,103.9112,40.01,84,15,2.19
298,Sayyan,YE,2022-06-08 20:59:19,15.1718,44.3244,64.62,37,86,1.83
299,Kokoda,PG,2022-06-08 20:59:19,-8.8785,147.7407,74.1,96,100,0.85
300,Barra Patuca,HN,2022-06-08 20:59:20,15.8,-84.2833,82.22,82,100,12.06
301,Chapada Dos Guimaraes,BR,2022-06-08 20:59:20,-15.4606,-55.7497,62.26,81,98,3.27
302,Russell,US,2022-06-08 20:59:20,32.3502,-85.1999,88.12,74,75,0.0
303,Blyth,GB,2022-06-08 20:59:21,55.1271,-1.5086,58.33,77,6,1.01
304,Aksehir,TR,2022-06-08 20:59:21,38.3575,31.4164,62.62,75,2,5.37
305,Chisec,GT,2022-06-08 20:59:22,15.8167,-90.2833,93.43,84,98,2.21
306,Nizhnyaya Tavda,RU,2022-06-08 20:59:22,57.6731,66.1725,51.49,97,40,5.86
307,Palmer,US,2022-06-08 20:59:23,42.1584,-72.3287,80.24,47,61,1.99
308,Vestmannaeyjar,IS,2022-06-08 20:59:23,63.4427,-20.2734,50.36,78,100,21.25
309,Harboore,DK,2022-06-08 20:59:23,56.6175,8.1807,57.18,86,66,1.97
310,Umm Kaddadah,SD,2022-06-08 20:59:24,13.6017,26.6876,77.65,58,100,23.64
311,Damietta,EG,2022-06-08 20:59:24,31.4165,31.8133,75.09,72,0,7.4
312,Rabo De Peixe,PT,2022-06-08 20:59:25,37.8,-25.5833,65.71,94,75,8.05
313,Pravia,ES,2022-06-08 20:59:25,43.4906,-6.1508,61.48,100,100,6.91
314,Colac,AU,2022-06-08 20:59:25,-38.3333,143.5833,47.08,87,100,11.99
315,Praia Da Vitoria,PT,2022-06-08 20:59:26,38.7333,-27.0667,71.85,78,40,11.14
316,Elbrus,RU,2022-06-08 20:59:26,43.2577,42.6443,52.72,94,100,4.16
317,Loughborough,GB,2022-06-08 20:59:26,52.7667,-1.2,58.77,77,0,11.5
318,Pella,RU,2022-06-08 20:57:35,59.7775,30.8181,63.03,98,100,6.22
319,Tongzhou,CN,2022-06-08 21:00:27,39.9053,116.5994,64.51,72,25,4.47
320,Bolshaya Glushitsa,RU,2022-06-08 21:00:27,50.2406,43.5908,55.22,72,0,6.38
321,Honiara,SB,2022-06-08 21:00:28,-9.4333,159.95,77.76,86,100,3.65
322,Cambridge,CA,2022-06-08 21:00:15,43.3601,-80.3127,69.75,61,91,1.01
323,Quepos,CR,2022-06-08 21:00:28,9.4236,-84.1652,78.89,86,100,7.38
324,Kortkeros,RU,2022-06-08 21:00:29,61.8106,51.5806,53.6,63,8,3.33
325,Kefalos,GR,2022-06-08 21:00:29,36.7453,26.9589,68.22,83,0,6.91
326,Avera,US,2022-06-08 21:00:30,33.194,-82.5271,89.55,41,78,17.81
327,Nhulunbuy,AU,2022-06-08 21:00:30,-12.2333,136.7667,77.61,65,100,14.97
328,Uusikaupunki,FI,2022-06-08 21:00:31,60.8004,21.4084,52.29,85,73,11.56
329,Teguise,ES,2022-06-08 21:00:31,29.0605,-13.564,68.22,78,20,26.46
330,Henties Bay,NA,2022-06-08 21:00:32,-22.116,14.2845,65.89,52,0,9.57
331,Xiongzhou,CN,2022-06-08 21:00:32,25.1167,114.3,74.03,99,100,1.54
332,Vrises,GR,2022-06-08 21:00:33,35.492,23.8899,73.18,66,0,3.69
333,Mashhad,IR,2022-06-08 21:00:33,36.297,59.6062,78.94,29,0,0.0
334,Tateyama,JP,2022-06-08 21:00:33,34.9833,139.8667,64.09,88,93,9.06
335,Skjervoy,NO,2022-06-08 21:00:34,70.0311,20.9714,44.6,83,87,16.8
336,Chumikan,RU,2022-06-08 21:00:34,54.7183,135.315,37.83,99,100,2.95
337,Dzerzhinsk,RU,2022-06-08 21:00:35,56.2389,43.4631,57.02,67,0,8.95
338,Provideniya,RU,2022-06-08 21:00:35,64.3833,-173.3,41.11,81,0,8.95
339,Picton,AU,2022-06-08 21:00:17,-34.1833,150.6,48.74,78,3,13.4
340,Chingirlau,KZ,2022-06-08 21:00:36,51.095,54.0814,53.26,75,45,7.7
341,Kochubey,RU,2022-06-08 21:00:36,44.3861,46.5825,65.75,57,45,8.28
342,Lata,PT,2022-06-08 21:00:37,40.1629,-8.3327,68.07,93,96,3.71
343,Miyako,JP,2022-06-08 21:00:37,39.6367,141.9525,54.01,87,34,4.16
344,Vila Franca Do Campo,PT,2022-06-08 21:00:38,37.7167,-25.4333,66.61,91,42,5.44
345,Marsh Harbour,BS,2022-06-08 21:00:38,26.5412,-77.0636,82.15,70,15,11.18
346,Sao Filipe,CV,2022-06-08 21:00:39,14.8961,-24.4956,72.68,86,9,8.34
347,Walvis Bay,NA,2022-06-08 20:59:35,-22.9575,14.5053,74.35,27,0,18.41
348,Tyret Pervaya,RU,2022-06-08 21:00:39,53.6703,102.3106,45.09,81,100,4.32
349,Griffith,US,2022-06-08 21:00:40,41.5284,-87.4237,63.14,94,100,13.8
350,Sao Joao Da Barra,BR,2022-06-08 21:00:40,-21.6403,-41.0511,71.51,79,74,7.94
351,Numan,NG,2022-06-08 21:00:40,9.4667,12.0333,83.89,62,16,10.65
352,Mali Zvornik,RS,2022-06-08 21:00:41,44.3734,19.1065,57.78,95,59,1.5
353,Ati,TD,2022-06-08 21:00:41,13.2154,18.3353,95.22,14,100,5.39
354,Khao Wong,TH,2022-06-08 21:00:42,16.7001,104.0902,75.16,83,96,4.0
355,Abha,SA,2022-06-08 20:57:38,18.2164,42.5053,69.62,56,0,0.0
356,Turbat,PK,2022-06-08 21:00:42,26.0023,63.044,82.63,68,0,10.71
357,Geraldton,AU,2022-06-08 21:00:43,-28.7667,114.6,61.21,82,100,14.97
358,Dalaba,GN,2022-06-08 21:00:43,10.7,-12.25,64.27,95,100,1.45
359,Kaniama,CD,2022-06-08 21:00:44,-7.5667,24.1833,63.84,50,21,4.36
360,Ancud,CL,2022-06-08 21:00:44,-41.8697,-73.8203,46.22,79,96,16.69
361,Nanortalik,GL,2022-06-08 21:00:45,60.1432,-45.2371,39.87,81,58,1.86
362,Mayo,US,2022-06-08 21:00:45,38.8876,-76.5119,89.71,50,75,8.05
363,Pueblo Nuevo,MX,2022-06-08 21:00:45,23.3833,-105.3833,76.87,45,6,6.73
364,Antofagasta,CL,2022-06-08 20:56:03,-23.65,-70.4,60.08,81,14,6.89
365,Kamaishi,JP,2022-06-08 21:00:46,39.2667,141.8833,54.57,87,55,4.76
366,Isangel,VU,2022-06-08 21:00:46,-19.55,169.2667,79.02,67,99,9.17
367,Chake Chake,TZ,2022-06-08 21:01:47,-5.2459,39.7666,76.96,78,37,12.39
368,Torbay,CA,2022-06-08 21:01:47,47.6666,-52.7314,52.29,76,0,3.0
369,Yulara,AU,2022-06-08 21:01:48,-25.2406,130.9889,44.8,74,7,9.19
370,Tuy Hoa,VN,2022-06-08 21:01:48,13.0833,109.3,77.77,79,90,5.66
371,Buzmeyin,TM,2022-06-08 21:01:49,38.0507,58.2056,90.39,24,66,1.3
372,Conceicao Do Araguaia,BR,2022-06-08 21:01:49,-8.2578,-49.2647,81.21,52,15,3.65
373,Huarmey,PE,2022-06-08 21:01:49,-10.0681,-78.1522,68.56,77,74,10.63
374,Paamiut,GL,2022-06-08 21:01:50,61.994,-49.6678,38.41,84,0,10.02
375,Samarai,PG,2022-06-08 21:01:50,-10.6167,150.6667,81.48,78,100,6.64
376,Medea,DZ,2022-06-08 21:01:51,36.2642,2.7539,70.59,39,100,2.46
377,Tambura,SS,2022-06-08 21:00:23,5.6,27.4667,67.51,93,100,2.73
378,Asau,RO,2022-06-08 21:01:51,46.4333,26.4,63.52,93,66,2.73
379,Puerto Del Rosario,ES,2022-06-08 21:01:52,28.5004,-13.8627,71.35,88,20,14.97
380,Bengkulu,ID,2022-06-08 21:01:52,-3.8004,102.2655,75.24,91,92,6.64
381,Luis Correia,BR,2022-06-08 21:01:53,-2.8792,-41.6669,77.81,89,46,9.17
382,Mitsamiouli,KM,2022-06-08 21:01:54,-11.3847,43.2844,78.87,71,15,6.62
383,Aykhal,RU,2022-06-08 21:01:54,66.0,111.5,50.38,56,10,4.12
384,Oksovskiy,RU,2022-06-08 21:01:55,62.6062,39.8984,59.43,70,100,3.74
385,Aksarka,RU,2022-06-08 21:01:55,66.5606,67.7975,57.96,46,4,7.45
386,Kawalu,ID,2022-06-08 21:01:56,-7.3817,108.2082,71.33,97,91,1.92
387,Qaqortoq,GL,2022-06-08 21:01:56,60.7167,-46.0333,43.41,74,100,6.08
388,Vanimo,PG,2022-06-08 21:01:57,-2.6741,141.3028,76.53,89,100,3.74
389,Constitucion,CL,2022-06-08 21:01:57,-35.3333,-72.4167,54.93,80,9,7.27
390,Sinnamary,GF,2022-06-08 21:01:58,5.3833,-52.95,79.63,84,98,8.7
391,Krasnoselkup,RU,2022-06-08 21:01:58,65.7,82.4667,42.42,53,68,2.46
392,Iconha,BR,2022-06-08 21:01:59,-20.7931,-40.8111,69.33,80,25,3.74
393,Gariaband,IN,2022-06-08 21:02:00,20.635,82.0614,84.33,25,87,4.12
394,Vostok,RU,2022-06-08 21:02:00,46.4856,135.8833,52.54,93,72,3.29
395,Lieksa,FI,2022-06-08 21:02:00,63.3167,30.0167,51.19,83,96,6.38
396,Evensk,RU,2022-06-08 20:57:22,61.95,159.2333,47.95,77,100,5.1
397,Sur,OM,2022-06-08 21:02:01,22.5667,59.5289,86.58,65,0,12.44
398,Nador,MA,2022-06-08 21:02:02,35.174,-2.9287,82.65,42,0,19.57
399,Suchedniow,PL,2022-06-08 21:02:03,51.0478,20.8292,64.81,94,99,3.42
400,Mangrol,IN,2022-06-08 21:02:03,21.1167,70.1167,83.62,84,17,12.59
401,George,ZA,2022-06-08 21:02:04,-33.963,22.4617,60.35,55,1,6.91
402,Zuwarah,LY,2022-06-08 21:02:04,32.9312,12.082,75.6,73,60,12.68
403,Viedma,AR,2022-06-08 21:02:05,-40.8135,-62.9967,58.84,45,36,18.23
404,Takoradi,GH,2022-06-08 21:02:06,4.8845,-1.7554,79.09,80,55,9.26
405,Turukhansk,RU,2022-06-08 21:02:06,65.8167,87.9833,38.34,88,9,4.0
406,Dingle,PH,2022-06-08 21:02:07,10.9995,122.6711,77.18,87,100,2.64
407,Bubaque,GW,2022-06-08 21:02:01,11.2833,-15.8333,81.16,81,0,13.22
408,Togur,RU,2022-06-08 21:02:08,58.3631,82.8265,43.63,81,100,6.13
409,Sol-Iletsk,RU,2022-06-08 21:02:09,51.1631,54.9918,52.32,78,44,8.41
410,Sampit,ID,2022-06-08 21:02:10,-2.5333,112.95,73.11,99,98,2.13
411,Asfi,MA,2022-06-08 21:01:57,32.2994,-9.2372,69.13,87,3,24.0
412,Belmonte,BR,2022-06-08 21:02:10,-15.8631,-38.8828,73.49,81,0,8.41
413,Gogrial,SS,2022-06-08 21:02:11,8.5332,28.1004,73.38,86,100,6.15
414,Kirakira,SB,2022-06-08 21:03:11,-10.4544,161.9205,79.56,82,100,4.74
415,Santa Maria,BR,2022-06-08 21:02:36,-29.6842,-53.8069,59.86,94,19,5.1
416,Maple Creek,CA,2022-06-08 21:03:12,49.9168,-109.4848,67.89,45,98,16.42
417,Galle,LK,2022-06-08 21:03:13,6.0367,80.217,79.41,83,97,12.62
418,Impfondo,CG,2022-06-08 21:03:13,1.6381,18.0667,70.47,93,96,0.78
419,Na Klang,TH,2022-06-08 21:03:13,17.3072,102.1889,75.97,83,99,2.42
420,Westport,US,2022-06-08 21:00:14,41.1415,-73.3579,84.27,43,52,5.99
421,Srednekolymsk,RU,2022-06-08 21:03:14,67.45,153.6833,47.68,65,96,1.66
422,Tshikapa,CD,2022-06-08 21:03:15,-6.4167,20.8,70.02,41,32,2.39
423,Birchis,RO,2022-06-08 21:02:58,45.9667,22.1667,62.65,91,51,3.4
424,Tarauaca,BR,2022-06-08 21:03:16,-8.1614,-70.7656,79.63,86,87,2.04
425,Mantua,IT,2022-06-08 21:03:17,45.1667,10.7833,69.1,85,100,5.01
426,Shihezi,CN,2022-06-08 21:03:17,44.3,86.0333,71.49,27,0,4.65
427,Birao,CF,2022-06-08 21:02:19,10.2849,22.7882,74.43,78,100,0.83
428,Sorong,ID,2022-06-08 21:03:18,-0.8833,131.25,78.37,84,77,5.39
429,Pafos,CY,2022-06-08 21:00:46,34.7667,32.4167,73.18,78,20,3.44
430,Wajima,JP,2022-06-08 21:03:20,37.4,136.9,60.64,83,8,3.91
431,Saint-Joseph,RE,2022-06-08 21:03:21,-21.3667,55.6167,66.58,84,89,12.37
432,Souillac,MU,2022-06-08 21:03:21,-20.5167,57.5167,72.7,76,54,10.38
433,Maneadero,MX,2022-06-08 21:03:22,31.7167,-116.5667,68.11,77,11,8.01
434,Ouesso,CG,2022-06-08 21:03:23,1.6136,16.0517,70.7,90,74,3.36
435,Vaitape,PF,2022-06-08 21:03:23,-16.5167,-151.75,80.74,70,6,10.07
436,Noumea,NC,2022-06-08 21:03:23,-22.2763,166.4572,67.98,93,100,18.92
437,Obo,CF,2022-06-08 21:03:25,5.3998,26.4869,65.23,97,69,2.62
438,Svetlyy,RU,2022-06-08 21:03:26,54.675,20.1347,59.97,93,62,6.24
439,Port Blair,IN,2022-06-08 21:03:26,11.6667,92.75,81.55,80,100,14.88
440,Kostomuksha,RU,2022-06-08 21:03:26,64.571,30.5767,53.17,70,100,4.12
441,Manaus,BR,2022-06-08 21:03:09,-3.1019,-60.025,79.3,83,75,6.91
442,Kayankulam,IN,2022-06-08 21:00:27,9.1833,76.5,77.72,88,92,5.86
443,Thai Binh,VN,2022-06-08 21:03:28,20.45,106.3333,79.99,86,100,2.77
444,Usinsk,RU,2022-06-08 21:03:28,65.9939,57.5281,56.5,73,20,14.88
445,Mehamn,NO,2022-06-08 21:03:28,71.0357,27.8492,44.55,65,20,25.32
446,West Bay,KY,2022-06-08 21:03:29,19.3667,-81.4167,87.08,80,20,9.22
447,Zelenets,RU,2022-06-08 21:03:29,61.8849,50.7489,53.85,61,1,4.03
448,Kerema,PG,2022-06-08 21:03:30,-7.9631,145.7785,77.41,87,96,3.83
449,Mogadouro,PT,2022-06-08 21:03:31,41.3403,-6.7119,59.32,84,73,6.08
450,Broken Hill,AU,2022-06-08 21:03:31,-31.95,141.4333,43.5,73,3,7.72
451,Ramnagar,IN,2022-06-08 21:03:32,29.4,79.1167,85.51,21,6,4.5
452,Pemangkat,ID,2022-06-08 21:03:32,1.1667,108.9667,78.04,84,100,2.68
453,Kamenka,RU,2022-06-08 21:03:33,51.3223,42.7678,53.33,84,0,3.76
454,Namtsy,RU,2022-06-08 21:03:33,62.7161,129.6658,65.82,61,23,4.99
455,Palora,EC,2022-06-08 21:03:33,-1.7,-77.9333,69.91,89,98,1.83
456,Lakatoro,VU,2022-06-08 21:04:34,-16.0999,167.4164,80.2,69,86,7.92
457,Tucuman,AR,2022-06-08 21:00:17,-26.8241,-65.2226,66.81,55,44,2.59
458,Laguna,US,2022-06-08 21:04:35,38.421,-121.4238,92.75,30,0,9.22
459,Hualmay,PE,2022-06-08 21:04:35,-11.0964,-77.6139,66.99,78,55,12.39
460,Ladario,BR,2022-06-08 21:04:35,-19.0047,-57.6017,75.76,77,74,2.53
461,Birjand,IR,2022-06-08 21:04:36,32.8663,59.2211,72.99,19,0,8.1
462,Port Augusta,AU,2022-06-08 21:02:37,-32.5,137.7667,49.19,79,34,4.63
463,Haines Junction,CA,2022-06-08 21:04:36,60.7522,-137.5108,66.88,29,100,3.36
464,Port Macquarie,AU,2022-06-08 21:04:37,-31.4333,152.9167,40.89,77,0,7.34
465,Quatre Cocos,MU,2022-06-08 21:04:37,-20.2078,57.7625,70.09,77,31,12.15
466,North Bend,US,2022-06-08 21:04:38,43.4065,-124.2243,72.25,83,0,10.36
467,Adilabad,IN,2022-06-08 21:04:38,19.6667,78.5333,89.38,46,94,21.12
468,Harlingen,US,2022-06-08 21:02:11,26.1906,-97.6961,95.09,39,40,16.11
469,Alyangula,AU,2022-06-08 21:04:39,-13.8483,136.4192,73.85,58,96,19.95
470,Nantucket,US,2022-06-08 21:03:58,41.2835,-70.0995,71.71,93,100,10.36
471,Malanje,AO,2022-06-08 21:04:40,-9.5402,16.341,60.39,43,9,3.51
472,Santa Isabel,BR,2022-06-08 21:01:57,-23.3156,-46.2214,61.57,96,55,3.87
473,Wilmington,US,2022-06-08 21:01:57,34.2257,-77.9447,80.94,75,75,5.75
474,Bara,NG,2022-06-08 21:04:41,10.3744,10.7288,84.31,56,49,15.79
475,Cascais,PT,2022-06-08 21:04:41,38.6979,-9.4215,69.51,77,99,17.0
476,Malangali,TZ,2022-06-08 21:04:41,-8.5667,34.85,57.85,77,7,12.64
477,Zyryanka,RU,2022-06-08 21:04:42,65.75,150.85,45.72,61,56,3.36
478,Wahiawa,US,2022-06-08 21:02:09,21.5028,-158.0236,80.76,57,43,4.74
479,Zima,RU,2022-06-08 21:04:43,53.9202,102.0442,45.48,82,100,3.44
480,Assiniboia,CA,2022-06-08 21:00:38,49.6334,-105.9845,66.72,35,95,7.43
481,Marystown,CA,2022-06-08 21:04:43,47.1666,-55.1483,53.49,58,89,7.61
482,Raudeberg,NO,2022-06-08 21:04:44,61.9875,5.1352,52.47,86,20,18.43
483,Villarrica,PY,2022-06-08 21:04:44,-25.75,-56.4333,64.35,90,12,3.87
484,Prince Rupert,CA,2022-06-08 21:04:44,54.3161,-130.3201,61.02,53,31,12.37
485,Goderich,CA,2022-06-08 21:01:29,43.7501,-81.7165,60.91,78,100,2.26
486,Eyl,SO,2022-06-08 21:04:45,7.9803,49.8164,84.76,56,44,21.74
487,Mount Gambier,AU,2022-06-08 21:04:45,-37.8333,140.7667,51.3,73,100,10.94
488,Porto Novo,BJ,2022-06-08 21:04:46,6.4965,2.6036,80.33,82,36,10.07
489,Rawang,MY,2022-06-08 21:04:46,3.3213,101.5767,74.23,95,99,1.72
490,Sao Felix Do Xingu,BR,2022-06-08 21:00:41,-6.6447,-51.995,81.27,62,15,2.28
491,Hambantota,LK,2022-06-08 21:04:47,6.1241,81.1185,79.83,81,100,18.39
492,Alofi,NU,2022-06-08 21:04:47,-19.0595,-169.9187,76.89,73,40,12.66
493,Tabou,CI,2022-06-08 21:04:48,4.423,-7.3528,78.75,75,10,7.61
494,Skibotn,NO,2022-06-08 21:04:48,69.3913,20.2679,43.54,76,29,3.49
495,Kutum,SD,2022-06-08 21:04:49,14.2,24.6667,79.21,41,84,10.56
496,College,US,2022-06-08 21:04:49,64.8569,-147.8028,64.58,39,40,17.27
497,Bacolod,PH,2022-06-08 21:04:50,10.6667,122.95,77.86,81,100,3.65
498,Middelburg,ZA,2022-06-08 21:04:50,-25.7751,29.4648,49.03,39,0,3.02
499,Oriximina,BR,2022-06-08 21:04:03,-1.7656,-55.8661,79.21,89,98,3.4
500,Nome,US,2022-06-08 21:04:51,64.5011,-165.4064,66.16,65,0,5.75
501,Chau Doc,VN,2022-06-08 21:04:52,10.7,105.1167,79.27,80,100,4.43
502,Domodossola,IT,2022-06-08 21:04:52,46.1165,8.2931,64.54,82,97,5.01
503,Lakota,CI,2022-06-08 21:05:52,5.8528,-5.6883,71.6,96,98,2.91
504,Millinocket,US,2022-06-08 21:04:07,45.6573,-68.7098,62.71,94,100,3.44
505,Sambava,MG,2022-06-08 21:05:53,-14.2667,50.1667,70.61,86,9,11.9
506,Acarau,BR,2022-06-08 21:01:08,-2.8856,-40.12,77.67,82,37,11.27
507,Pundaguitan,PH,2022-06-08 21:05:54,6.3711,126.1689,81.28,74,94,5.7
508,Mahina,PF,2022-06-08 21:05:54,-17.5065,-149.489,83.97,61,75,13.8
509,Hanamaki,JP,2022-06-08 21:05:54,39.3833,141.1167,52.99,92,95,0.67
510,Lagunas,PE,2022-06-08 21:05:55,-5.2269,-75.6753,81.18,75,95,3.18
511,Biloela,AU,2022-06-08 21:05:55,-24.4167,150.5,39.79,79,0,7.29
512,Amahai,ID,2022-06-08 21:05:56,-3.3333,128.9167,77.23,85,89,3.0
513,Hays,US,2022-06-08 21:05:56,30.0502,-98.0336,102.31,34,1,1.99
514,Winslow,US,2022-06-08 21:01:59,35.0242,-110.6974,98.78,9,0,6.91
515,Sabang,ID,2022-06-08 21:05:57,5.8933,95.3214,83.03,76,100,13.69
516,Pekan,MY,2022-06-08 21:05:57,3.4836,103.3996,75.04,91,100,4.18
517,Terrace Bay,CA,2022-06-08 21:05:58,48.7834,-87.1,49.64,79,44,2.95
518,Saurimo,AO,2022-06-08 21:05:58,-9.6608,20.3916,59.07,48,56,5.59
519,Yertsevo,RU,2022-06-08 21:05:58,60.7966,40.086,51.89,80,98,2.66
520,San Ramon,US,2022-06-08 21:04:06,37.7799,-121.978,87.49,56,0,11.5
521,Bodden Town,KY,2022-06-08 21:05:59,19.2833,-81.25,87.01,77,20,9.22
522,San Julian,MX,2022-06-08 21:06:00,21.0167,-102.1667,86.11,14,20,3.85
523,Tomatlan,MX,2022-06-08 21:06:00,19.9333,-105.25,87.67,52,46,11.48
524,Heihe,CN,2022-06-08 21:06:00,50.2441,127.4902,59.58,75,99,2.08
525,Rorvik,NO,2022-06-08 21:06:01,64.8621,11.2373,51.78,81,0,14.97
526,Warrington,GB,2022-06-08 21:03:20,53.3925,-2.5802,59.99,83,40,3.44
527,Porto Belo,BR,2022-06-08 21:06:01,-27.1578,-48.5531,68.9,80,100,6.22
528,Trojes,AL,2022-06-08 21:06:02,41.756,19.962,69.57,86,0,5.14
529,Wasilla,US,2022-06-08 21:04:16,61.5814,-149.4394,67.51,60,0,5.75
530,Sabzevar,IR,2022-06-08 21:06:03,36.2126,57.6819,83.82,17,89,6.02
531,High Level,CA,2022-06-08 21:06:03,58.5169,-117.136,77.11,25,40,19.57
532,Macia,MZ,2022-06-08 21:06:04,-25.0269,33.0989,58.05,86,0,2.42
533,Saint-Louis,SN,2022-06-08 21:06:04,16.3333,-15.0,89.74,41,69,21.63
534,Caravelas,BR,2022-06-08 21:06:05,-17.7125,-39.2481,71.15,84,0,6.24
535,Marzuq,YE,2022-06-08 21:06:05,14.4,46.4667,77.86,51,61,5.68
536,Kaeo,NZ,2022-06-08 21:06:06,-35.1,173.7833,61.32,97,100,10.38
537,Touros,BR,2022-06-08 21:06:07,-5.1989,-35.4608,77.63,83,18,9.48
538,Hashtrud,IR,2022-06-08 21:06:07,37.4779,47.0508,62.26,43,0,5.77
539,Saint Anthony,US,2022-06-08 21:06:07,45.0205,-93.218,78.8,28,0,13.8
540,Villa Bruzual,VE,2022-06-08 21:06:08,9.3328,-69.1208,81.72,75,63,3.56
541,Hofn,IS,2022-06-08 21:01:15,64.2539,-15.2082,48.38,77,98,8.34
542,Hirara,JP,2022-06-08 21:03:26,24.8,125.2833,77.99,84,100,2.01
543,Santa Cruz,BO,2022-06-08 21:06:09,-17.8,-63.1667,78.26,78,40,12.66
544,Tutoia,BR,2022-06-08 21:06:10,-2.7619,-42.2744,79.09,83,84,9.06
545,Fuxin,CN,2022-06-08 21:06:10,42.0156,121.6589,59.4,84,100,2.8
546,Rakaia,NZ,2022-06-08 21:06:11,-43.75,172.0167,48.38,80,51,9.73
547,Iisalmi,FI,2022-06-08 21:06:11,63.5592,27.1907,52.65,95,100,5.32
548,Wukari,NG,2022-06-08 21:06:12,7.85,9.7833,77.99,77,72,6.67
549,Marawi,PH,2022-06-08 21:06:13,7.9986,124.2928,68.47,94,100,2.84
550,Khed Brahma,IN,2022-06-08 21:06:12,24.0333,73.05,86.02,62,0,12.24
551,Mersing,MY,2022-06-08 21:07:14,2.4312,103.8405,76.71,87,100,3.06
552,Trairi,BR,2022-06-08 21:06:45,-3.2778,-39.2689,76.98,83,92,7.58
553,Cap Malheureux,MU,2022-06-08 21:07:15,-19.9842,57.6142,70.47,77,0,3.0
554,Akureyri,IS,2022-06-08 21:07:16,65.6835,-18.0878,54.59,77,100,0.85
555,Cururupu,BR,2022-06-08 21:07:07,-1.8283,-44.8683,75.54,91,99,3.8
556,Shenjiamen,CN,2022-06-08 21:07:17,29.9576,122.298,68.04,89,100,12.08
557,Pilar,BR,2022-06-08 21:07:17,-9.5972,-35.9567,75.13,92,29,3.0
558,Mezhdurechensk,RU,2022-06-08 21:07:18,53.6942,88.0603,36.97,94,2,2.62
559,Scarborough,GB,2022-06-08 21:07:19,54.2797,-0.4044,57.78,78,1,4.0
560,Plettenberg Bay,ZA,2022-06-08 21:07:19,-34.0527,23.3716,66.7,45,0,7.31
561,Vegueta,PE,2022-06-08 21:07:20,-11.0231,-77.6431,66.49,79,56,12.57
562,Krasnyy Oktyabr,RU,2022-06-08 21:07:20,56.1167,38.8833,50.68,82,11,1.59
563,Lazaro Cardenas,MX,2022-06-08 21:05:44,17.9583,-102.2,85.26,59,66,11.41
564,Novikovo,RU,2022-06-08 21:07:21,51.1537,37.8879,57.42,70,0,0.89
565,Belaya Gora,RU,2022-06-08 21:07:22,68.5333,146.4167,47.75,51,56,10.07
566,Beloha,MG,2022-06-08 21:07:22,-25.1667,45.05,60.71,72,22,6.26
567,Kabwe,ZM,2022-06-08 21:07:23,-14.4469,28.4464,58.26,73,88,9.98
568,Kuruman,ZA,2022-06-08 21:07:23,-27.4524,23.4325,52.93,41,0,3.53
569,Sarreguemines,FR,2022-06-08 21:07:24,49.0833,7.3333,58.05,94,95,3.0
570,Khash,IR,2022-06-08 21:07:24,28.2211,61.2158,78.64,15,0,4.54
571,Khipro,PK,2022-06-08 21:07:25,25.8285,69.3772,82.98,66,0,19.26
572,Olafsvik,IS,2022-06-08 21:07:25,64.8945,-23.7142,50.56,84,100,2.57
573,Christchurch,NZ,2022-06-08 21:05:15,-43.5333,172.6333,50.32,76,100,4.61
574,Beyneu,KZ,2022-06-08 21:07:26,45.3167,55.2,73.27,33,14,6.91
575,Kjopsvik,NO,2022-06-08 21:07:26,68.097,16.3742,42.67,80,10,1.79
576,Mugla,TR,2022-06-08 21:07:27,37.2303,28.3557,61.5,60,0,3.6
577,Jiujiang,CN,2022-06-08 21:07:27,29.7333,115.9833,74.71,88,100,1.63
578,Maryville,US,2022-06-08 21:05:48,35.7565,-83.9705,83.26,74,100,17.27
579,Inhambane,MZ,2022-06-08 21:07:28,-23.865,35.3833,68.34,64,89,7.38
580,Ormstown,CA,2022-06-08 21:07:28,45.1334,-73.9992,75.09,67,74,9.28
581,Batang Berjuntai,MY,2022-06-08 21:07:29,3.3833,101.4167,74.44,91,99,2.33
582,Makakilo City,US,2022-06-08 21:07:29,21.3469,-158.0858,83.95,50,0,18.41
583,Aksu,CN,2022-06-08 21:07:30,41.1231,80.2644,73.42,19,2,4.59
584,Butler,US,2022-06-08 21:07:30,39.4501,-84.5666,77.83,86,40,4.61
